source_dom_id_candidate,source_family,source_row,source_description,sport,booked_days,duration_minutes_per_day,persons_per_lesson,course_capacity_or_person_max,source_price_amount,source_currency_unconfirmed,source_activities,source_validity,source_price_2_raw,source_teacher_choice_icon_present,source_collection_icon_present,source_price_increase_icon_present,target_product_family,target_entities_candidate,mapping_fit,mapping_delta,approval,target_id
26449,Gruppenunterricht,1,"Betreuung, 1 T, 120 m, 1 Teiln., max 13",Betreuung,1,120,1,13,30.00,,Betreuung Mittagsbetreuung,08.12.2021 - 31.12.2050,,0,1,0,addon_review,products(lunch/addon);product_price_tiers(if appropriate),separate_addon_policy_review,Betreuung is not a standalone group-course teaching slot; confirm desired first-import and booking behavior.,pending,
5254,Gruppenunterricht,2,"Ski, 1 T, 120 m, 1 Teiln., max 8",Ski,1,120,1,8,70.00,,Ski Windel-Wedelkurs,01.01.2000 - 31.12.2050,,0,1,0,group,products;product_price_tiers;group_courses;group_course_schedules,schema_possible_booking_blocked,Group staff price path multiplies product.price/price_per_day by dates and does not read price tiers; activity and allowed days vary per tariff; period/date eligibility not enforced.,pending,
5253,Gruppenunterricht,3,"Ski, 1 T, 120 m, 1 Teiln., max 13",Ski,1,120,1,13,70.00,,Ski Swiss Snow Kids Village | Ski Blauer Prinz/Prinzessin | Ski Blauer König/Königin | Ski Blauer Star | Ski Roter Prinz/Prinzessin | Ski Roter König/Königin | Ski Roter Star | Ski Schwarzer Prinz/Prinzessin | Ski Swiss Snow Academy,01.01.2000 - 31.12.2050,,0,1,0,group,products;product_price_tiers;group_courses;group_course_schedules,schema_possible_booking_blocked,Group staff price path multiplies product.price/price_per_day by dates and does not read price tiers; activity and allowed days vary per tariff; period/date eligibility not enforced.,pending,
5247,Gruppenunterricht,4,"Ski, 1 T, 120 m, 1 Teiln., max 13",Ski,1,120,1,13,90.00,,Ski Erwachsene Anfänger | Ski Erwachsene Fortgeschritten,01.01.2000 - 31.12.2050,,0,1,0,group,products;product_price_tiers;group_courses;group_course_schedules,schema_possible_booking_blocked,Group staff price path multiplies product.price/price_per_day by dates and does not read price tiers; activity and allowed days vary per tariff; period/date eligibility not enforced.,pending,
5255,Gruppenunterricht,5,"Ski, 1 T, 120 m, 1 Teiln., max 13",Ski,1,120,1,13,94.00,,Ski Erwachsene Wiedereinsteiger,11.01.2015 - 31.12.2050,,0,1,0,group,products;product_price_tiers;group_courses;group_course_schedules,schema_possible_booking_blocked,Group staff price path multiplies product.price/price_per_day by dates and does not read price tiers; activity and allowed days vary per tariff; period/date eligibility not enforced.,pending,
5258,Gruppenunterricht,6,"Ski, 1 T, 240 m, 1 Teiln., max 13",Ski,1,240,1,13,150.00,,Ski Swiss Snow Kids Village | Ski Blauer Prinz/Prinzessin | Ski Blauer König/Königin | Ski Blauer Star | Ski Roter Prinz/Prinzessin | Ski Roter König/Königin | Ski Roter Star | Ski Schwarzer Prinz/Prinzessin | Ski Swiss Snow Academy,01.01.2000 - 31.12.2050,,0,1,0,group,products;product_price_tiers;group_courses;group_course_schedules,schema_possible_booking_blocked,Group staff price path multiplies product.price/price_per_day by dates and does not read price tiers; activity and allowed days vary per tariff; period/date eligibility not enforced.,pending,
5259,Gruppenunterricht,7,"Ski, 1 T, 240 m, 1 Teiln., max 13",Ski,1,240,1,13,200.00,,Ski Erwachsene Anfänger | Ski Erwachsene Fortgeschritten,01.01.2000 - 31.12.2050,,0,1,0,group,products;product_price_tiers;group_courses;group_course_schedules,schema_possible_booking_blocked,Group staff price path multiplies product.price/price_per_day by dates and does not read price tiers; activity and allowed days vary per tariff; period/date eligibility not enforced.,pending,
5263,Gruppenunterricht,8,"Ski, 2 T, 120 m, 1 Teiln., max 8",Ski,2,120,1,8,110.00,,Ski Windel-Wedelkurs,01.01.2000 - 31.12.2050,,0,1,0,group,products;product_price_tiers;group_courses;group_course_schedules,schema_possible_booking_blocked,Group staff price path multiplies product.price/price_per_day by dates and does not read price tiers; activity and allowed days vary per tariff; period/date eligibility not enforced.,pending,
5267,Gruppenunterricht,9,"Ski, 2 T, 240 m, 1 Teiln., max 13",Ski,2,240,1,13,200.00,,Ski Swiss Snow Kids Village | Ski Blauer Prinz/Prinzessin | Ski Blauer König/Königin | Ski Blauer Star | Ski Roter Prinz/Prinzessin | Ski Roter König/Königin | Ski Roter Star | Ski Schwarzer Prinz/Prinzessin | Ski Swiss Snow Academy,01.01.2000 - 31.12.2050,,0,1,0,group,products;product_price_tiers;group_courses;group_course_schedules,schema_possible_booking_blocked,Group staff price path multiplies product.price/price_per_day by dates and does not read price tiers; activity and allowed days vary per tariff; period/date eligibility not enforced.,pending,
5269,Gruppenunterricht,10,"Ski, 2 T, 240 m, 1 Teiln., max 13",Ski,2,240,1,13,250.00,,Ski Erwachsene Anfänger | Ski Erwachsene Fortgeschritten,01.01.2000 - 31.12.2050,,0,1,0,group,products;product_price_tiers;group_courses;group_course_schedules,schema_possible_booking_blocked,Group staff price path multiplies product.price/price_per_day by dates and does not read price tiers; activity and allowed days vary per tariff; period/date eligibility not enforced.,pending,
5273,Gruppenunterricht,11,"Ski, 3 T, 120 m, 1 Teiln., max 8",Ski,3,120,1,8,140.00,,Ski Windel-Wedelkurs,01.01.2000 - 31.12.2050,,0,1,0,group,products;product_price_tiers;group_courses;group_course_schedules,schema_possible_booking_blocked,Group staff price path multiplies product.price/price_per_day by dates and does not read price tiers; activity and allowed days vary per tariff; period/date eligibility not enforced.,pending,
5278,Gruppenunterricht,12,"Ski, 3 T, 240 m, 1 Teiln., max 13",Ski,3,240,1,13,245.00,,Ski Swiss Snow Kids Village | Ski Blauer Prinz/Prinzessin | Ski Blauer König/Königin | Ski Blauer Star | Ski Roter Prinz/Prinzessin | Ski Roter König/Königin | Ski Roter Star | Ski Schwarzer Prinz/Prinzessin | Ski Schwarzer König/Königin | Ski Swiss Snow Academy | Ski Kinder Fortgeschritten,01.01.2000 - 31.12.2050,,0,1,0,group,products;product_price_tiers;group_courses;group_course_schedules,schema_possible_booking_blocked,Group staff price path multiplies product.price/price_per_day by dates and does not read price tiers; activity and allowed days vary per tariff; period/date eligibility not enforced.,pending,
5277,Gruppenunterricht,13,"Ski, 3 T, 240 m, 1 Teiln., max 13",Ski,3,240,1,13,295.00,,Ski Erwachsene Anfänger | Ski Erwachsene Fortgeschritten,01.01.2000 - 31.12.2050,,0,1,0,group,products;product_price_tiers;group_courses;group_course_schedules,schema_possible_booking_blocked,Group staff price path multiplies product.price/price_per_day by dates and does not read price tiers; activity and allowed days vary per tariff; period/date eligibility not enforced.,pending,
5281,Gruppenunterricht,14,"Ski, 4 T, 120 m, 1 Teiln., max 8",Ski,4,120,1,8,160.00,,Ski Windel-Wedelkurs,01.01.2000 - 31.12.2050,,0,1,0,group,products;product_price_tiers;group_courses;group_course_schedules,schema_possible_booking_blocked,Group staff price path multiplies product.price/price_per_day by dates and does not read price tiers; activity and allowed days vary per tariff; period/date eligibility not enforced.,pending,
5284,Gruppenunterricht,15,"Ski, 4 T, 240 m, 1 Teiln., max 13",Ski,4,240,1,13,285.00,,Ski Swiss Snow Kids Village | Ski Blauer Prinz/Prinzessin | Ski Blauer König/Königin | Ski Blauer Star | Ski Roter Prinz/Prinzessin | Ski Roter König/Königin | Ski Roter Star | Ski Schwarzer Prinz/Prinzessin | Ski Swiss Snow Academy,01.01.2000 - 31.12.2050,,0,1,0,group,products;product_price_tiers;group_courses;group_course_schedules,schema_possible_booking_blocked,Group staff price path multiplies product.price/price_per_day by dates and does not read price tiers; activity and allowed days vary per tariff; period/date eligibility not enforced.,pending,
5287,Gruppenunterricht,16,"Ski, 4 T, 240 m, 1 Teiln., max 13",Ski,4,240,1,13,335.00,,Ski Erwachsene Anfänger | Ski Erwachsene Fortgeschritten,01.01.2000 - 31.12.2050,,0,1,0,group,products;product_price_tiers;group_courses;group_course_schedules,schema_possible_booking_blocked,Group staff price path multiplies product.price/price_per_day by dates and does not read price tiers; activity and allowed days vary per tariff; period/date eligibility not enforced.,pending,
5288,Gruppenunterricht,17,"Ski, 5 T, 120 m, 1 Teiln., max 8",Ski,5,120,1,8,170.00,,Ski Windel-Wedelkurs | Ski Swiss Snow Kids Village,01.01.2000 - 31.12.2050,,0,1,0,group,products;product_price_tiers;group_courses;group_course_schedules,schema_possible_booking_blocked,Group staff price path multiplies product.price/price_per_day by dates and does not read price tiers; activity and allowed days vary per tariff; period/date eligibility not enforced.,pending,
5294,Gruppenunterricht,18,"Ski, 5 T, 240 m, 1 Teiln., max 13",Ski,5,240,1,13,320.00,,Ski Swiss Snow Kids Village | Ski Blauer Prinz/Prinzessin | Ski Blauer König/Königin | Ski Blauer Star | Ski Roter Prinz/Prinzessin | Ski Roter König/Königin | Ski Roter Star | Ski Schwarzer Prinz/Prinzessin | Ski Swiss Snow Academy,01.01.2000 - 31.12.2050,,0,1,0,group,products;product_price_tiers;group_courses;group_course_schedules,schema_possible_booking_blocked,Group staff price path multiplies product.price/price_per_day by dates and does not read price tiers; activity and allowed days vary per tariff; period/date eligibility not enforced.,pending,
5296,Gruppenunterricht,19,"Ski, 5 T, 240 m, 1 Teiln., max 13",Ski,5,240,1,13,370.00,,Ski Erwachsene Anfänger | Ski Erwachsene Fortgeschritten,01.01.2000 - 31.12.2050,,0,1,0,group,products;product_price_tiers;group_courses;group_course_schedules,schema_possible_booking_blocked,Group staff price path multiplies product.price/price_per_day by dates and does not read price tiers; activity and allowed days vary per tariff; period/date eligibility not enforced.,pending,
5249,Gruppenunterricht,20,"Snowboard, 1 T, 120 m, 1 Teiln., max 10",Snowboard,1,120,1,10,90.00,,Snowboard Anfänger | Snowboard Fortgeschritten,01.01.2000 - 31.12.2050,,0,1,0,group,products;product_price_tiers;group_courses;group_course_schedules,schema_possible_booking_blocked,Group staff price path multiplies product.price/price_per_day by dates and does not read price tiers; activity and allowed days vary per tariff; period/date eligibility not enforced.,pending,
5262,Gruppenunterricht,21,"Snowboard, 2 T, 120 m, 1 Teiln., max 10",Snowboard,2,120,1,10,140.00,,Snowboard Anfänger | Snowboard Fortgeschritten,01.01.2000 - 31.12.2050,,0,1,0,group,products;product_price_tiers;group_courses;group_course_schedules,schema_possible_booking_blocked,Group staff price path multiplies product.price/price_per_day by dates and does not read price tiers; activity and allowed days vary per tariff; period/date eligibility not enforced.,pending,
5271,Gruppenunterricht,22,"Snowboard, 3 T, 120 m, 1 Teiln., max 10",Snowboard,3,120,1,10,180.00,,Snowboard Anfänger | Snowboard Fortgeschritten,01.01.2000 - 31.12.2050,,0,1,0,group,products;product_price_tiers;group_courses;group_course_schedules,schema_possible_booking_blocked,Group staff price path multiplies product.price/price_per_day by dates and does not read price tiers; activity and allowed days vary per tariff; period/date eligibility not enforced.,pending,
5279,Gruppenunterricht,23,"Snowboard, 4 T, 120 m, 1 Teiln., max 10",Snowboard,4,120,1,10,210.00,,Snowboard Anfänger | Snowboard Fortgeschritten,01.01.2000 - 31.12.2050,,0,1,0,group,products;product_price_tiers;group_courses;group_course_schedules,schema_possible_booking_blocked,Group staff price path multiplies product.price/price_per_day by dates and does not read price tiers; activity and allowed days vary per tariff; period/date eligibility not enforced.,pending,
5290,Gruppenunterricht,24,"Snowboard, 5 T, 120 m, 1 Teiln., max 10",Snowboard,5,120,1,10,230.00,,Snowboard Anfänger | Snowboard Fortgeschritten,01.01.2000 - 31.12.2050,,0,1,0,group,products;product_price_tiers;group_courses;group_course_schedules,schema_possible_booking_blocked,Group staff price path multiplies product.price/price_per_day by dates and does not read price tiers; activity and allowed days vary per tariff; period/date eligibility not enforced.,pending,
5256,Samstagkurs,1,"Betreuung, 1 T, 120 m, 1 Teiln., max 13",Betreuung,1,120,1,13,30.00,,Betreuung Mittagsbetreuung,24.11.2015 - 31.12.2050,,0,1,0,addon_review,products(lunch/addon);product_price_tiers(if appropriate),separate_addon_policy_review,Betreuung is not a standalone group-course teaching slot; confirm desired first-import and booking behavior.,pending,
5265,Samstagkurs,2,"Betreuung, 2 T, 120 m, 1 Teiln., max 13",Betreuung,2,120,1,13,60.00,,Betreuung Mittagsbetreuung,24.11.2015 - 31.12.2050,,0,1,0,addon_review,products(lunch/addon);product_price_tiers(if appropriate),separate_addon_policy_review,Betreuung is not a standalone group-course teaching slot; confirm desired first-import and booking behavior.,pending,
5274,Samstagkurs,3,"Betreuung, 3 T, 120 m, 1 Teiln., max 13",Betreuung,3,120,1,13,90.00,,Betreuung Mittagsbetreuung,24.11.2015 - 31.12.2050,,0,1,0,addon_review,products(lunch/addon);product_price_tiers(if appropriate),separate_addon_policy_review,Betreuung is not a standalone group-course teaching slot; confirm desired first-import and booking behavior.,pending,
5283,Samstagkurs,4,"Betreuung, 4 T, 120 m, 1 Teiln., max 13",Betreuung,4,120,1,13,120.00,,Betreuung Mittagsbetreuung,24.11.2015 - 31.12.2050,,0,1,0,addon_review,products(lunch/addon);product_price_tiers(if appropriate),separate_addon_policy_review,Betreuung is not a standalone group-course teaching slot; confirm desired first-import and booking behavior.,pending,
5292,Samstagkurs,5,"Betreuung, 5 T, 120 m, 1 Teiln., max 13",Betreuung,5,120,1,13,150.00,,Betreuung Mittagsbetreuung,24.11.2015 - 31.12.2050,,0,1,0,addon_review,products(lunch/addon);product_price_tiers(if appropriate),separate_addon_policy_review,Betreuung is not a standalone group-course teaching slot; confirm desired first-import and booking behavior.,pending,
5251,Samstagkurs,6,"Ski, 1 T, 120 m, 1 Teiln., max 13",Ski,1,120,1,13,70.00,,Ski Windel-Wedelkurs,01.01.2000 - 31.12.2050,,0,1,0,group,products;product_price_tiers;group_courses;group_course_schedules;training_course_dates,schema_possible_booking_blocked,Group staff price path multiplies product.price/price_per_day by dates and does not read price tiers; activity and allowed days vary per tariff; Saturday template hardcodes 10:00-14:00 and series membership not enforced.,pending,
5252,Samstagkurs,7,"Ski, 1 T, 120 m, 1 Teiln., max 13",Ski,1,120,1,13,70.00,,Ski Swiss Snow Kids Village | Ski Blauer Prinz/Prinzessin | Ski Blauer König/Königin | Ski Blauer Star | Ski Roter Prinz/Prinzessin | Ski Roter König/Königin | Ski Roter Star | Ski Schwarzer Prinz/Prinzessin | Ski Swiss Snow Academy,01.01.2000 - 31.12.2050,,0,1,0,group,products;product_price_tiers;group_courses;group_course_schedules;training_course_dates,schema_possible_booking_blocked,Group staff price path multiplies product.price/price_per_day by dates and does not read price tiers; activity and allowed days vary per tariff; Saturday template hardcodes 10:00-14:00 and series membership not enforced.,pending,
5250,Samstagkurs,8,"Ski, 1 T, 120 m, 1 Teiln., max 13",Ski,1,120,1,13,90.00,,Ski Erwachsene Anfänger | Ski Erwachsene Fortgeschritten,01.01.2000 - 31.12.2050,,0,1,0,group,products;product_price_tiers;group_courses;group_course_schedules;training_course_dates,schema_possible_booking_blocked,Group staff price path multiplies product.price/price_per_day by dates and does not read price tiers; activity and allowed days vary per tariff; Saturday template hardcodes 10:00-14:00 and series membership not enforced.,pending,
5257,Samstagkurs,9,"Ski, 1 T, 240 m, 1 Teiln., max 13",Ski,1,240,1,13,150.00,,Ski Swiss Snow Kids Village | Ski Blauer Prinz/Prinzessin | Ski Blauer König/Königin | Ski Blauer Star | Ski Roter Prinz/Prinzessin | Ski Roter König/Königin | Ski Roter Star | Ski Schwarzer Prinz/Prinzessin | Ski Swiss Snow Academy,01.01.2000 - 31.12.2050,,0,1,0,group,products;product_price_tiers;group_courses;group_course_schedules;training_course_dates,schema_possible_booking_blocked,Group staff price path multiplies product.price/price_per_day by dates and does not read price tiers; activity and allowed days vary per tariff; Saturday template hardcodes 10:00-14:00 and series membership not enforced.,pending,
5260,Samstagkurs,10,"Ski, 1 T, 240 m, 1 Teiln., max 13",Ski,1,240,1,13,200.00,,Ski Erwachsene Anfänger | Ski Erwachsene Fortgeschritten,01.01.2000 - 31.12.2050,,0,1,0,group,products;product_price_tiers;group_courses;group_course_schedules;training_course_dates,schema_possible_booking_blocked,Group staff price path multiplies product.price/price_per_day by dates and does not read price tiers; activity and allowed days vary per tariff; Saturday template hardcodes 10:00-14:00 and series membership not enforced.,pending,
5261,Samstagkurs,11,"Ski, 2 T, 120 m, 1 Teiln., max 13",Ski,2,120,1,13,110.00,,Ski Windel-Wedelkurs,01.01.2000 - 31.12.2050,,0,1,0,group,products;product_price_tiers;group_courses;group_course_schedules;training_course_dates,schema_possible_booking_blocked,Group staff price path multiplies product.price/price_per_day by dates and does not read price tiers; activity and allowed days vary per tariff; Saturday template hardcodes 10:00-14:00 and series membership not enforced.,pending,
5266,Samstagkurs,12,"Ski, 2 T, 240 m, 1 Teiln., max 13",Ski,2,240,1,13,200.00,,Ski Swiss Snow Kids Village | Ski Blauer Prinz/Prinzessin | Ski Blauer König/Königin | Ski Blauer Star | Ski Roter Prinz/Prinzessin | Ski Roter König/Königin | Ski Roter Star | Ski Schwarzer Prinz/Prinzessin | Ski Swiss Snow Academy,01.01.2000 - 31.12.2050,,0,1,0,group,products;product_price_tiers;group_courses;group_course_schedules;training_course_dates,schema_possible_booking_blocked,Group staff price path multiplies product.price/price_per_day by dates and does not read price tiers; activity and allowed days vary per tariff; Saturday template hardcodes 10:00-14:00 and series membership not enforced.,pending,
5268,Samstagkurs,13,"Ski, 2 T, 240 m, 1 Teiln., max 13",Ski,2,240,1,13,250.00,,Ski Erwachsene Anfänger | Ski Erwachsene Fortgeschritten,01.01.2000 - 31.12.2050,,0,1,0,group,products;product_price_tiers;group_courses;group_course_schedules;training_course_dates,schema_possible_booking_blocked,Group staff price path multiplies product.price/price_per_day by dates and does not read price tiers; activity and allowed days vary per tariff; Saturday template hardcodes 10:00-14:00 and series membership not enforced.,pending,
5270,Samstagkurs,14,"Ski, 3 T, 120 m, 1 Teiln., max 13",Ski,3,120,1,13,140.00,,Ski Windel-Wedelkurs,01.01.2000 - 31.12.2050,,0,1,0,group,products;product_price_tiers;group_courses;group_course_schedules;training_course_dates,schema_possible_booking_blocked,Group staff price path multiplies product.price/price_per_day by dates and does not read price tiers; activity and allowed days vary per tariff; Saturday template hardcodes 10:00-14:00 and series membership not enforced.,pending,
5275,Samstagkurs,15,"Ski, 3 T, 240 m, 1 Teiln., max 13",Ski,3,240,1,13,245.00,,Ski Swiss Snow Kids Village | Ski Blauer Prinz/Prinzessin | Ski Blauer König/Königin | Ski Blauer Star | Ski Roter Prinz/Prinzessin | Ski Roter König/Königin | Ski Roter Star | Ski Schwarzer Prinz/Prinzessin | Ski Swiss Snow Academy,01.01.2000 - 31.12.2050,,0,1,0,group,products;product_price_tiers;group_courses;group_course_schedules;training_course_dates,schema_possible_booking_blocked,Group staff price path multiplies product.price/price_per_day by dates and does not read price tiers; activity and allowed days vary per tariff; Saturday template hardcodes 10:00-14:00 and series membership not enforced.,pending,
5276,Samstagkurs,16,"Ski, 3 T, 240 m, 1 Teiln., max 13",Ski,3,240,1,13,295.00,,Ski Erwachsene Anfänger | Ski Erwachsene Fortgeschritten,01.01.2000 - 31.12.2050,,0,1,0,group,products;product_price_tiers;group_courses;group_course_schedules;training_course_dates,schema_possible_booking_blocked,Group staff price path multiplies product.price/price_per_day by dates and does not read price tiers; activity and allowed days vary per tariff; Saturday template hardcodes 10:00-14:00 and series membership not enforced.,pending,
5280,Samstagkurs,17,"Ski, 4 T, 120 m, 1 Teiln., max 13",Ski,4,120,1,13,160.00,,Ski Windel-Wedelkurs,01.01.2000 - 31.12.2050,,0,1,0,group,products;product_price_tiers;group_courses;group_course_schedules;training_course_dates,schema_possible_booking_blocked,Group staff price path multiplies product.price/price_per_day by dates and does not read price tiers; activity and allowed days vary per tariff; Saturday template hardcodes 10:00-14:00 and series membership not enforced.,pending,
5286,Samstagkurs,18,"Ski, 4 T, 240 m, 1 Teiln., max 13",Ski,4,240,1,13,285.00,,Ski Swiss Snow Kids Village | Ski Blauer Prinz/Prinzessin | Ski Blauer König/Königin | Ski Blauer Star | Ski Roter Prinz/Prinzessin | Ski Roter König/Königin | Ski Roter Star | Ski Schwarzer Prinz/Prinzessin | Ski Swiss Snow Academy,01.01.2000 - 31.12.2050,,0,1,0,group,products;product_price_tiers;group_courses;group_course_schedules;training_course_dates,schema_possible_booking_blocked,Group staff price path multiplies product.price/price_per_day by dates and does not read price tiers; activity and allowed days vary per tariff; Saturday template hardcodes 10:00-14:00 and series membership not enforced.,pending,
5285,Samstagkurs,19,"Ski, 4 T, 240 m, 1 Teiln., max 13",Ski,4,240,1,13,335.00,,Ski Erwachsene Anfänger | Ski Erwachsene Fortgeschritten,01.01.2000 - 31.12.2050,,0,1,0,group,products;product_price_tiers;group_courses;group_course_schedules;training_course_dates,schema_possible_booking_blocked,Group staff price path multiplies product.price/price_per_day by dates and does not read price tiers; activity and allowed days vary per tariff; Saturday template hardcodes 10:00-14:00 and series membership not enforced.,pending,
5289,Samstagkurs,20,"Ski, 5 T, 120 m, 1 Teiln., max 13",Ski,5,120,1,13,170.00,,Ski Windel-Wedelkurs,01.01.2000 - 31.12.2050,,0,1,0,group,products;product_price_tiers;group_courses;group_course_schedules;training_course_dates,schema_possible_booking_blocked,Group staff price path multiplies product.price/price_per_day by dates and does not read price tiers; activity and allowed days vary per tariff; Saturday template hardcodes 10:00-14:00 and series membership not enforced.,pending,
5295,Samstagkurs,21,"Ski, 5 T, 240 m, 1 Teiln., max 13",Ski,5,240,1,13,320.00,,Ski Swiss Snow Kids Village | Ski Blauer Prinz/Prinzessin | Ski Blauer König/Königin | Ski Blauer Star | Ski Roter Prinz/Prinzessin | Ski Roter König/Königin | Ski Roter Star | Ski Schwarzer Prinz/Prinzessin | Ski Schwarzer König/Königin | Ski Swiss Snow Academy,01.01.2000 - 31.12.2050,,0,1,0,group,products;product_price_tiers;group_courses;group_course_schedules;training_course_dates,schema_possible_booking_blocked,Group staff price path multiplies product.price/price_per_day by dates and does not read price tiers; activity and allowed days vary per tariff; Saturday template hardcodes 10:00-14:00 and series membership not enforced.,pending,
5293,Samstagkurs,22,"Ski, 5 T, 240 m, 1 Teiln., max 13",Ski,5,240,1,13,370.00,,Ski Erwachsene Anfänger | Ski Erwachsene Fortgeschritten,01.01.2000 - 31.12.2050,,0,1,0,group,products;product_price_tiers;group_courses;group_course_schedules;training_course_dates,schema_possible_booking_blocked,Group staff price path multiplies product.price/price_per_day by dates and does not read price tiers; activity and allowed days vary per tariff; Saturday template hardcodes 10:00-14:00 and series membership not enforced.,pending,
5248,Samstagkurs,23,"Snowboard, 1 T, 120 m, 1 Teiln., max 13",Snowboard,1,120,1,13,90.00,,Snowboard Anfänger | Snowboard Fortgeschritten,01.01.2000 - 31.12.2050,,0,1,0,group,products;product_price_tiers;group_courses;group_course_schedules;training_course_dates,schema_possible_booking_blocked,Group staff price path multiplies product.price/price_per_day by dates and does not read price tiers; activity and allowed days vary per tariff; Saturday template hardcodes 10:00-14:00 and series membership not enforced.,pending,
5264,Samstagkurs,24,"Snowboard, 2 T, 120 m, 1 Teiln., max 13",Snowboard,2,120,1,13,140.00,,Snowboard Anfänger | Snowboard Fortgeschritten,01.01.2000 - 31.12.2050,,0,1,0,group,products;product_price_tiers;group_courses;group_course_schedules;training_course_dates,schema_possible_booking_blocked,Group staff price path multiplies product.price/price_per_day by dates and does not read price tiers; activity and allowed days vary per tariff; Saturday template hardcodes 10:00-14:00 and series membership not enforced.,pending,
5272,Samstagkurs,25,"Snowboard, 3 T, 120 m, 1 Teiln., max 13",Snowboard,3,120,1,13,180.00,,Snowboard Anfänger | Snowboard Fortgeschritten,01.01.2000 - 31.12.2050,,0,1,0,group,products;product_price_tiers;group_courses;group_course_schedules;training_course_dates,schema_possible_booking_blocked,Group staff price path multiplies product.price/price_per_day by dates and does not read price tiers; activity and allowed days vary per tariff; Saturday template hardcodes 10:00-14:00 and series membership not enforced.,pending,
5282,Samstagkurs,26,"Snowboard, 4 T, 120 m, 1 Teiln., max 13",Snowboard,4,120,1,13,210.00,,Snowboard Anfänger | Snowboard Fortgeschritten,01.01.2000 - 31.12.2050,,0,1,0,group,products;product_price_tiers;group_courses;group_course_schedules;training_course_dates,schema_possible_booking_blocked,Group staff price path multiplies product.price/price_per_day by dates and does not read price tiers; activity and allowed days vary per tariff; Saturday template hardcodes 10:00-14:00 and series membership not enforced.,pending,
5291,Samstagkurs,27,"Snowboard, 5 T, 120 m, 1 Teiln., max 13",Snowboard,5,120,1,13,230.00,,Snowboard Anfänger | Snowboard Fortgeschritten,01.01.2000 - 31.12.2050,,0,1,0,group,products;product_price_tiers;group_courses;group_course_schedules;training_course_dates,schema_possible_booking_blocked,Group staff price path multiplies product.price/price_per_day by dates and does not read price tiers; activity and allowed days vary per tariff; Saturday template hardcodes 10:00-14:00 and series membership not enforced.,pending,
5237,Privatkurs,1,"Ski, 1 T, 60 m, 1 Teiln., max 1",Ski,1,60,1,1,75.00,,Ski Swiss Snow Kids Village | Ski Blauer Prinz/Prinzessin | Ski Blauer König/Königin | Ski Blauer Star | Ski Roter Prinz/Prinzessin | Ski Roter König/Königin | Ski Roter Star | Ski Schwarzer Prinz/Prinzessin | Ski Schwarzer König/Königin | Ski Swiss Snow Academy | Ski Erwachsene Anfänger | Ski Erwachsene Fortgeschritten,01.01.2000 - 31.12.2050,,0,0,1,private,products;private_lesson_rates;private pricing policy (extension if exact source prices required),schema_partial_pricing_policy_open,"Source price varies by duration and persons, while YETI uses time-of-day hourly rules; 5 persons blocked by server max 4. Business pricing choice required.",pending,
5240,Privatkurs,2,"Ski, 1 T, 60 m, 2 Teiln., max 2",Ski,1,60,2,2,95.00,,Ski Swiss Snow Kids Village | Ski Blauer Prinz/Prinzessin | Ski Blauer König/Königin | Ski Blauer Star | Ski Roter Prinz/Prinzessin | Ski Roter König/Königin | Ski Roter Star | Ski Schwarzer Prinz/Prinzessin | Ski Schwarzer König/Königin | Ski Swiss Snow Academy | Ski Erwachsene Anfänger | Ski Erwachsene Fortgeschritten,01.01.2000 - 31.12.2050,,0,0,1,private,products;private_lesson_rates;private pricing policy (extension if exact source prices required),schema_partial_pricing_policy_open,"Source price varies by duration and persons, while YETI uses time-of-day hourly rules; 5 persons blocked by server max 4. Business pricing choice required.",pending,
5241,Privatkurs,3,"Ski, 1 T, 60 m, 3 Teiln., max 3",Ski,1,60,3,3,115.00,,Ski Swiss Snow Kids Village | Ski Blauer Prinz/Prinzessin | Ski Blauer König/Königin | Ski Blauer Star | Ski Roter Prinz/Prinzessin | Ski Roter König/Königin | Ski Roter Star | Ski Schwarzer Prinz/Prinzessin | Ski Schwarzer König/Königin | Ski Swiss Snow Academy | Ski Erwachsene Anfänger | Ski Erwachsene Fortgeschritten,01.01.2000 - 31.12.2050,,0,0,1,private,products;private_lesson_rates;private pricing policy (extension if exact source prices required),schema_partial_pricing_policy_open,"Source price varies by duration and persons, while YETI uses time-of-day hourly rules; 5 persons blocked by server max 4. Business pricing choice required.",pending,
5243,Privatkurs,4,"Ski, 1 T, 60 m, 4 Teiln., max 4",Ski,1,60,4,4,135.00,,Ski Swiss Snow Kids Village | Ski Blauer Prinz/Prinzessin | Ski Blauer König/Königin | Ski Blauer Star | Ski Roter Prinz/Prinzessin | Ski Roter König/Königin | Ski Roter Star | Ski Schwarzer Prinz/Prinzessin | Ski Schwarzer König/Königin | Ski Swiss Snow Academy | Ski Erwachsene Anfänger | Ski Erwachsene Fortgeschritten,01.01.2000 - 31.12.2050,,0,0,1,private,products;private_lesson_rates;private pricing policy (extension if exact source prices required),schema_partial_pricing_policy_open,"Source price varies by duration and persons, while YETI uses time-of-day hourly rules; 5 persons blocked by server max 4. Business pricing choice required.",pending,
5245,Privatkurs,5,"Ski, 1 T, 60 m, 5 Teiln., max 5",Ski,1,60,5,5,155.00,,Ski Swiss Snow Kids Village | Ski Blauer Prinz/Prinzessin | Ski Blauer König/Königin | Ski Blauer Star | Ski Roter Prinz/Prinzessin | Ski Roter König/Königin | Ski Roter Star | Ski Schwarzer Prinz/Prinzessin | Ski Schwarzer König/Königin | Ski Swiss Snow Academy | Ski Erwachsene Anfänger | Ski Erwachsene Fortgeschritten,01.01.2000 - 31.12.2050,,0,0,1,private,products;private_lesson_rates;private pricing policy (extension if exact source prices required),schema_partial_pricing_policy_open,"Source price varies by duration and persons, while YETI uses time-of-day hourly rules; 5 persons blocked by server max 4. Business pricing choice required.",pending,
23605,Privatkurs,6,"Ski, 1 T, 120 m, 1 Teiln., max 1",Ski,1,120,1,1,170.00,,Ski Swiss Snow Kids Village | Ski Blauer Prinz/Prinzessin | Ski Blauer König/Königin | Ski Blauer Star | Ski Roter Prinz/Prinzessin | Ski Roter König/Königin | Ski Roter Star | Ski Schwarzer Prinz/Prinzessin | Ski Schwarzer König/Königin | Ski Swiss Snow Academy | Ski Erwachsene Anfänger | Ski Erwachsene Fortgeschritten,01.01.2000 - 31.12.2050,,0,0,1,private,products;private_lesson_rates;private pricing policy (extension if exact source prices required),schema_partial_pricing_policy_open,"Source price varies by duration and persons, while YETI uses time-of-day hourly rules; 5 persons blocked by server max 4. Business pricing choice required.",pending,
23606,Privatkurs,7,"Ski, 1 T, 120 m, 2 Teiln., max 2",Ski,1,120,2,2,210.00,,Ski Swiss Snow Kids Village | Ski Blauer Prinz/Prinzessin | Ski Blauer König/Königin | Ski Blauer Star | Ski Roter Prinz/Prinzessin | Ski Roter König/Königin | Ski Roter Star | Ski Schwarzer Prinz/Prinzessin | Ski Schwarzer König/Königin | Ski Swiss Snow Academy | Ski Erwachsene Anfänger | Ski Erwachsene Fortgeschritten,01.01.2000 - 31.12.2050,,0,0,1,private,products;private_lesson_rates;private pricing policy (extension if exact source prices required),schema_partial_pricing_policy_open,"Source price varies by duration and persons, while YETI uses time-of-day hourly rules; 5 persons blocked by server max 4. Business pricing choice required.",pending,
23607,Privatkurs,8,"Ski, 1 T, 120 m, 3 Teiln., max 3",Ski,1,120,3,3,250.00,,Ski Swiss Snow Kids Village | Ski Blauer Prinz/Prinzessin | Ski Blauer König/Königin | Ski Blauer Star | Ski Roter Prinz/Prinzessin | Ski Roter König/Königin | Ski Roter Star | Ski Schwarzer Prinz/Prinzessin | Ski Schwarzer König/Königin | Ski Swiss Snow Academy | Ski Erwachsene Anfänger | Ski Erwachsene Fortgeschritten,01.01.2000 - 31.12.2050,,0,0,1,private,products;private_lesson_rates;private pricing policy (extension if exact source prices required),schema_partial_pricing_policy_open,"Source price varies by duration and persons, while YETI uses time-of-day hourly rules; 5 persons blocked by server max 4. Business pricing choice required.",pending,
23608,Privatkurs,9,"Ski, 1 T, 120 m, 4 Teiln., max 4",Ski,1,120,4,4,290.00,,Ski Swiss Snow Kids Village | Ski Blauer Prinz/Prinzessin | Ski Blauer König/Königin | Ski Blauer Star | Ski Roter Prinz/Prinzessin | Ski Roter König/Königin | Ski Roter Star | Ski Schwarzer Prinz/Prinzessin | Ski Schwarzer König/Königin | Ski Swiss Snow Academy | Ski Erwachsene Anfänger | Ski Erwachsene Fortgeschritten,01.01.2000 - 31.12.2050,,0,0,1,private,products;private_lesson_rates;private pricing policy (extension if exact source prices required),schema_partial_pricing_policy_open,"Source price varies by duration and persons, while YETI uses time-of-day hourly rules; 5 persons blocked by server max 4. Business pricing choice required.",pending,
23609,Privatkurs,10,"Ski, 1 T, 120 m, 5 Teiln., max 5",Ski,1,120,5,5,330.00,,Ski Swiss Snow Kids Village | Ski Blauer Prinz/Prinzessin | Ski Blauer König/Königin | Ski Blauer Star | Ski Roter Prinz/Prinzessin | Ski Roter König/Königin | Ski Roter Star | Ski Schwarzer Prinz/Prinzessin | Ski Schwarzer König/Königin | Ski Swiss Snow Academy | Ski Erwachsene Anfänger | Ski Erwachsene Fortgeschritten,01.01.2000 - 31.12.2050,,0,0,1,private,products;private_lesson_rates;private pricing policy (extension if exact source prices required),schema_partial_pricing_policy_open,"Source price varies by duration and persons, while YETI uses time-of-day hourly rules; 5 persons blocked by server max 4. Business pricing choice required.",pending,
23593,Privatkurs,11,"Ski, 1 T, 180 m, 1 Teiln., max 1",Ski,1,180,1,1,265.00,,Ski Swiss Snow Kids Village | Ski Blauer Prinz/Prinzessin | Ski Blauer König/Königin | Ski Blauer Star | Ski Roter Prinz/Prinzessin | Ski Roter König/Königin | Ski Roter Star | Ski Schwarzer Prinz/Prinzessin | Ski Schwarzer König/Königin | Ski Swiss Snow Academy | Ski Erwachsene Anfänger | Ski Erwachsene Fortgeschritten,01.01.2000 - 31.12.2050,,0,0,1,private,products;private_lesson_rates;private pricing policy (extension if exact source prices required),schema_partial_pricing_policy_open,"Source price varies by duration and persons, while YETI uses time-of-day hourly rules; 5 persons blocked by server max 4. Business pricing choice required.",pending,
23594,Privatkurs,12,"Ski, 1 T, 180 m, 2 Teiln., max 2",Ski,1,180,2,2,325.00,,Ski Swiss Snow Kids Village | Ski Blauer Prinz/Prinzessin | Ski Blauer König/Königin | Ski Blauer Star | Ski Roter Prinz/Prinzessin | Ski Roter König/Königin | Ski Roter Star | Ski Schwarzer Prinz/Prinzessin | Ski Schwarzer König/Königin | Ski Swiss Snow Academy | Ski Erwachsene Anfänger | Ski Erwachsene Fortgeschritten,01.01.2000 - 31.12.2050,,0,0,1,private,products;private_lesson_rates;private pricing policy (extension if exact source prices required),schema_partial_pricing_policy_open,"Source price varies by duration and persons, while YETI uses time-of-day hourly rules; 5 persons blocked by server max 4. Business pricing choice required.",pending,
23595,Privatkurs,13,"Ski, 1 T, 180 m, 3 Teiln., max 3",Ski,1,180,3,3,385.00,,Ski Swiss Snow Kids Village | Ski Blauer Prinz/Prinzessin | Ski Blauer König/Königin | Ski Blauer Star | Ski Roter Prinz/Prinzessin | Ski Roter König/Königin | Ski Roter Star | Ski Schwarzer Prinz/Prinzessin | Ski Schwarzer König/Königin | Ski Swiss Snow Academy | Ski Erwachsene Anfänger | Ski Erwachsene Fortgeschritten,01.01.2000 - 31.12.2050,,0,0,1,private,products;private_lesson_rates;private pricing policy (extension if exact source prices required),schema_partial_pricing_policy_open,"Source price varies by duration and persons, while YETI uses time-of-day hourly rules; 5 persons blocked by server max 4. Business pricing choice required.",pending,
23596,Privatkurs,14,"Ski, 1 T, 180 m, 4 Teiln., max 4",Ski,1,180,4,4,445.00,,Ski Swiss Snow Kids Village | Ski Blauer Prinz/Prinzessin | Ski Blauer König/Königin | Ski Blauer Star | Ski Roter Prinz/Prinzessin | Ski Roter König/Königin | Ski Roter Star | Ski Schwarzer Prinz/Prinzessin | Ski Schwarzer König/Königin | Ski Swiss Snow Academy | Ski Erwachsene Anfänger | Ski Erwachsene Fortgeschritten,01.01.2000 - 31.12.2050,,0,0,1,private,products;private_lesson_rates;private pricing policy (extension if exact source prices required),schema_partial_pricing_policy_open,"Source price varies by duration and persons, while YETI uses time-of-day hourly rules; 5 persons blocked by server max 4. Business pricing choice required.",pending,
23597,Privatkurs,15,"Ski, 1 T, 180 m, 5 Teiln., max 5",Ski,1,180,5,5,505.00,,Ski Swiss Snow Kids Village | Ski Blauer Prinz/Prinzessin | Ski Blauer König/Königin | Ski Blauer Star | Ski Roter Prinz/Prinzessin | Ski Roter König/Königin | Ski Roter Star | Ski Schwarzer Prinz/Prinzessin | Ski Schwarzer König/Königin | Ski Swiss Snow Academy | Ski Erwachsene Anfänger | Ski Erwachsene Fortgeschritten,01.01.2000 - 31.12.2050,,0,0,1,private,products;private_lesson_rates;private pricing policy (extension if exact source prices required),schema_partial_pricing_policy_open,"Source price varies by duration and persons, while YETI uses time-of-day hourly rules; 5 persons blocked by server max 4. Business pricing choice required.",pending,
23615,Privatkurs,16,"Ski, 1 T, 240 m, 1 Teiln., max 1",Ski,1,240,1,1,340.00,,Ski Swiss Snow Kids Village | Ski Blauer Prinz/Prinzessin | Ski Blauer König/Königin | Ski Blauer Star | Ski Roter Prinz/Prinzessin | Ski Roter König/Königin | Ski Roter Star | Ski Schwarzer Prinz/Prinzessin | Ski Schwarzer König/Königin | Ski Swiss Snow Academy | Ski Erwachsene Anfänger | Ski Erwachsene Fortgeschritten,01.01.2000 - 31.12.2050,,0,0,1,private,products;private_lesson_rates;private pricing policy (extension if exact source prices required),schema_partial_pricing_policy_open,"Source price varies by duration and persons, while YETI uses time-of-day hourly rules; 5 persons blocked by server max 4. Business pricing choice required.",pending,
23623,Privatkurs,17,"Ski, 1 T, 240 m, 2 Teiln., max 2",Ski,1,240,2,2,420.00,,Ski Swiss Snow Kids Village | Ski Blauer Prinz/Prinzessin | Ski Blauer König/Königin | Ski Blauer Star | Ski Roter Prinz/Prinzessin | Ski Roter König/Königin | Ski Roter Star | Ski Schwarzer Prinz/Prinzessin | Ski Schwarzer König/Königin | Ski Swiss Snow Academy | Ski Erwachsene Anfänger | Ski Erwachsene Fortgeschritten,01.01.2000 - 31.12.2050,,0,0,1,private,products;private_lesson_rates;private pricing policy (extension if exact source prices required),schema_partial_pricing_policy_open,"Source price varies by duration and persons, while YETI uses time-of-day hourly rules; 5 persons blocked by server max 4. Business pricing choice required.",pending,
23619,Privatkurs,18,"Ski, 1 T, 240 m, 3 Teiln., max 3",Ski,1,240,3,3,500.00,,Ski Swiss Snow Kids Village | Ski Blauer Prinz/Prinzessin | Ski Blauer König/Königin | Ski Blauer Star | Ski Roter Prinz/Prinzessin | Ski Roter König/Königin | Ski Roter Star | Ski Schwarzer Prinz/Prinzessin | Ski Schwarzer König/Königin | Ski Swiss Snow Academy | Ski Erwachsene Anfänger | Ski Erwachsene Fortgeschritten,01.01.2000 - 31.12.2050,,0,0,1,private,products;private_lesson_rates;private pricing policy (extension if exact source prices required),schema_partial_pricing_policy_open,"Source price varies by duration and persons, while YETI uses time-of-day hourly rules; 5 persons blocked by server max 4. Business pricing choice required.",pending,
23620,Privatkurs,19,"Ski, 1 T, 240 m, 4 Teiln., max 4",Ski,1,240,4,4,580.00,,Ski Swiss Snow Kids Village | Ski Blauer Prinz/Prinzessin | Ski Blauer König/Königin | Ski Blauer Star | Ski Roter Prinz/Prinzessin | Ski Roter König/Königin | Ski Roter Star | Ski Schwarzer Prinz/Prinzessin | Ski Schwarzer König/Königin | Ski Swiss Snow Academy | Ski Erwachsene Anfänger | Ski Erwachsene Fortgeschritten,01.01.2000 - 31.12.2050,,0,0,1,private,products;private_lesson_rates;private pricing policy (extension if exact source prices required),schema_partial_pricing_policy_open,"Source price varies by duration and persons, while YETI uses time-of-day hourly rules; 5 persons blocked by server max 4. Business pricing choice required.",pending,
23621,Privatkurs,20,"Ski, 1 T, 240 m, 5 Teiln., max 5",Ski,1,240,5,5,660.00,,Ski Swiss Snow Kids Village | Ski Blauer Prinz/Prinzessin | Ski Blauer König/Königin | Ski Blauer Star | Ski Roter Prinz/Prinzessin | Ski Roter König/Königin | Ski Roter Star | Ski Schwarzer Prinz/Prinzessin | Ski Schwarzer König/Königin | Ski Swiss Snow Academy | Ski Erwachsene Anfänger | Ski Erwachsene Fortgeschritten,01.01.2000 - 31.12.2050,,0,0,1,private,products;private_lesson_rates;private pricing policy (extension if exact source prices required),schema_partial_pricing_policy_open,"Source price varies by duration and persons, while YETI uses time-of-day hourly rules; 5 persons blocked by server max 4. Business pricing choice required.",pending,
23627,Privatkurs,21,"Ski, 1 T, 300 m, 1 Teiln., max 1",Ski,1,300,1,1,415.00,,Ski Swiss Snow Kids Village | Ski Blauer Prinz/Prinzessin | Ski Blauer König/Königin | Ski Blauer Star | Ski Roter Prinz/Prinzessin | Ski Roter König/Königin | Ski Roter Star | Ski Schwarzer Prinz/Prinzessin | Ski Schwarzer König/Königin | Ski Swiss Snow Academy | Ski Erwachsene Anfänger | Ski Erwachsene Fortgeschritten,01.01.2000 - 31.12.2050,,0,0,1,private,products;private_lesson_rates;private pricing policy (extension if exact source prices required),schema_partial_pricing_policy_open,"Source price varies by duration and persons, while YETI uses time-of-day hourly rules; 5 persons blocked by server max 4. Business pricing choice required.",pending,
23628,Privatkurs,22,"Ski, 1 T, 300 m, 2 Teiln., max 2",Ski,1,300,2,2,515.00,,Ski Swiss Snow Kids Village | Ski Blauer Prinz/Prinzessin | Ski Blauer König/Königin | Ski Blauer Star | Ski Roter Prinz/Prinzessin | Ski Roter König/Königin | Ski Roter Star | Ski Schwarzer Prinz/Prinzessin | Ski Schwarzer König/Königin | Ski Swiss Snow Academy | Ski Erwachsene Anfänger | Ski Erwachsene Fortgeschritten,01.01.2000 - 31.12.2050,,0,0,1,private,products;private_lesson_rates;private pricing policy (extension if exact source prices required),schema_partial_pricing_policy_open,"Source price varies by duration and persons, while YETI uses time-of-day hourly rules; 5 persons blocked by server max 4. Business pricing choice required.",pending,
23629,Privatkurs,23,"Ski, 1 T, 300 m, 3 Teiln., max 3",Ski,1,300,3,3,615.00,,Ski Swiss Snow Kids Village | Ski Blauer Prinz/Prinzessin | Ski Blauer König/Königin | Ski Blauer Star | Ski Roter Prinz/Prinzessin | Ski Roter König/Königin | Ski Roter Star | Ski Schwarzer Prinz/Prinzessin | Ski Schwarzer König/Königin | Ski Swiss Snow Academy | Ski Erwachsene Anfänger | Ski Erwachsene Fortgeschritten,01.01.2000 - 31.12.2050,,0,0,1,private,products;private_lesson_rates;private pricing policy (extension if exact source prices required),schema_partial_pricing_policy_open,"Source price varies by duration and persons, while YETI uses time-of-day hourly rules; 5 persons blocked by server max 4. Business pricing choice required.",pending,
23630,Privatkurs,24,"Ski, 1 T, 300 m, 4 Teiln., max 4",Ski,1,300,4,4,715.00,,Ski Swiss Snow Kids Village | Ski Blauer Prinz/Prinzessin | Ski Blauer König/Königin | Ski Blauer Star | Ski Roter Prinz/Prinzessin | Ski Roter König/Königin | Ski Roter Star | Ski Schwarzer Prinz/Prinzessin | Ski Schwarzer König/Königin | Ski Swiss Snow Academy | Ski Erwachsene Anfänger | Ski Erwachsene Fortgeschritten,01.01.2000 - 31.12.2050,,0,0,1,private,products;private_lesson_rates;private pricing policy (extension if exact source prices required),schema_partial_pricing_policy_open,"Source price varies by duration and persons, while YETI uses time-of-day hourly rules; 5 persons blocked by server max 4. Business pricing choice required.",pending,
23631,Privatkurs,25,"Ski, 1 T, 300 m, 5 Teiln., max 5",Ski,1,300,5,5,815.00,,Ski Swiss Snow Kids Village | Ski Blauer Prinz/Prinzessin | Ski Blauer König/Königin | Ski Blauer Star | Ski Roter Prinz/Prinzessin | Ski Roter König/Königin | Ski Roter Star | Ski Schwarzer Prinz/Prinzessin | Ski Schwarzer König/Königin | Ski Swiss Snow Academy | Ski Erwachsene Anfänger | Ski Erwachsene Fortgeschritten,01.01.2000 - 31.12.2050,,0,0,1,private,products;private_lesson_rates;private pricing policy (extension if exact source prices required),schema_partial_pricing_policy_open,"Source price varies by duration and persons, while YETI uses time-of-day hourly rules; 5 persons blocked by server max 4. Business pricing choice required.",pending,
23637,Privatkurs,26,"Ski, 1 T, 360 m, 1 Teiln., max 1",Ski,1,360,1,1,500.00,,Ski Swiss Snow Kids Village | Ski Blauer Prinz/Prinzessin | Ski Blauer König/Königin | Ski Blauer Star | Ski Roter Prinz/Prinzessin | Ski Roter König/Königin | Ski Roter Star | Ski Schwarzer Prinz/Prinzessin | Ski Schwarzer König/Königin | Ski Swiss Snow Academy | Ski Erwachsene Anfänger | Ski Erwachsene Fortgeschritten,01.01.2000 - 31.12.2050,,0,0,1,private,products;private_lesson_rates;private pricing policy (extension if exact source prices required),schema_partial_pricing_policy_open,"Source price varies by duration and persons, while YETI uses time-of-day hourly rules; 5 persons blocked by server max 4. Business pricing choice required.",pending,
23638,Privatkurs,27,"Ski, 1 T, 360 m, 2 Teiln., max 2",Ski,1,360,2,2,620.00,,Ski Swiss Snow Kids Village | Ski Blauer Prinz/Prinzessin | Ski Blauer König/Königin | Ski Blauer Star | Ski Roter Prinz/Prinzessin | Ski Roter König/Königin | Ski Roter Star | Ski Schwarzer Prinz/Prinzessin | Ski Schwarzer König/Königin | Ski Swiss Snow Academy | Ski Erwachsene Anfänger | Ski Erwachsene Fortgeschritten,01.01.2000 - 31.12.2050,,0,0,1,private,products;private_lesson_rates;private pricing policy (extension if exact source prices required),schema_partial_pricing_policy_open,"Source price varies by duration and persons, while YETI uses time-of-day hourly rules; 5 persons blocked by server max 4. Business pricing choice required.",pending,
23639,Privatkurs,28,"Ski, 1 T, 360 m, 3 Teiln., max 3",Ski,1,360,3,3,740.00,,Ski Swiss Snow Kids Village | Ski Blauer Prinz/Prinzessin | Ski Blauer König/Königin | Ski Blauer Star | Ski Roter Prinz/Prinzessin | Ski Roter König/Königin | Ski Roter Star | Ski Schwarzer Prinz/Prinzessin | Ski Schwarzer König/Königin | Ski Swiss Snow Academy | Ski Erwachsene Anfänger | Ski Erwachsene Fortgeschritten,01.01.2000 - 31.12.2050,,0,0,1,private,products;private_lesson_rates;private pricing policy (extension if exact source prices required),schema_partial_pricing_policy_open,"Source price varies by duration and persons, while YETI uses time-of-day hourly rules; 5 persons blocked by server max 4. Business pricing choice required.",pending,
23640,Privatkurs,29,"Ski, 1 T, 360 m, 4 Teiln., max 4",Ski,1,360,4,4,860.00,,Ski Swiss Snow Kids Village | Ski Blauer Prinz/Prinzessin | Ski Blauer König/Königin | Ski Blauer Star | Ski Roter Prinz/Prinzessin | Ski Roter König/Königin | Ski Roter Star | Ski Schwarzer Prinz/Prinzessin | Ski Schwarzer König/Königin | Ski Swiss Snow Academy | Ski Erwachsene Anfänger | Ski Erwachsene Fortgeschritten,01.01.2000 - 31.12.2050,,0,0,1,private,products;private_lesson_rates;private pricing policy (extension if exact source prices required),schema_partial_pricing_policy_open,"Source price varies by duration and persons, while YETI uses time-of-day hourly rules; 5 persons blocked by server max 4. Business pricing choice required.",pending,
23641,Privatkurs,30,"Ski, 1 T, 360 m, 5 Teiln., max 5",Ski,1,360,5,5,980.00,,Ski Swiss Snow Kids Village | Ski Blauer Prinz/Prinzessin | Ski Blauer König/Königin | Ski Blauer Star | Ski Roter Prinz/Prinzessin | Ski Roter König/Königin | Ski Roter Star | Ski Schwarzer Prinz/Prinzessin | Ski Schwarzer König/Königin | Ski Swiss Snow Academy | Ski Erwachsene Anfänger | Ski Erwachsene Fortgeschritten,01.01.2000 - 31.12.2050,,0,0,1,private,products;private_lesson_rates;private pricing policy (extension if exact source prices required),schema_partial_pricing_policy_open,"Source price varies by duration and persons, while YETI uses time-of-day hourly rules; 5 persons blocked by server max 4. Business pricing choice required.",pending,
23647,Privatkurs,31,"Ski, 1 T, 420 m, 1 Teiln., max 1",Ski,1,420,1,1,585.00,,Ski Swiss Snow Kids Village | Ski Blauer Prinz/Prinzessin | Ski Blauer König/Königin | Ski Blauer Star | Ski Roter Prinz/Prinzessin | Ski Roter König/Königin | Ski Roter Star | Ski Schwarzer Prinz/Prinzessin | Ski Schwarzer König/Königin | Ski Swiss Snow Academy | Ski Erwachsene Anfänger | Ski Erwachsene Fortgeschritten,01.01.2000 - 31.12.2050,,0,0,0,private,products;private_lesson_rates;private pricing policy (extension if exact source prices required),schema_partial_pricing_policy_open,"Source price varies by duration and persons, while YETI uses time-of-day hourly rules; 5 persons blocked by server max 4. Business pricing choice required.",pending,
23649,Privatkurs,32,"Ski, 1 T, 420 m, 2 Teiln., max 2",Ski,1,420,2,2,725.00,,Ski Swiss Snow Kids Village | Ski Blauer Prinz/Prinzessin | Ski Blauer König/Königin | Ski Blauer Star | Ski Roter Prinz/Prinzessin | Ski Roter König/Königin | Ski Roter Star | Ski Schwarzer Prinz/Prinzessin | Ski Schwarzer König/Königin | Ski Swiss Snow Academy | Ski Erwachsene Anfänger | Ski Erwachsene Fortgeschritten,01.01.2000 - 31.12.2050,,0,0,0,private,products;private_lesson_rates;private pricing policy (extension if exact source prices required),schema_partial_pricing_policy_open,"Source price varies by duration and persons, while YETI uses time-of-day hourly rules; 5 persons blocked by server max 4. Business pricing choice required.",pending,
23651,Privatkurs,33,"Ski, 1 T, 420 m, 3 Teiln., max 3",Ski,1,420,3,3,865.00,,Ski Swiss Snow Kids Village | Ski Blauer Prinz/Prinzessin | Ski Blauer König/Königin | Ski Blauer Star | Ski Roter Prinz/Prinzessin | Ski Roter König/Königin | Ski Roter Star | Ski Schwarzer Prinz/Prinzessin | Ski Schwarzer König/Königin | Ski Swiss Snow Academy | Ski Erwachsene Anfänger | Ski Erwachsene Fortgeschritten,01.01.2000 - 31.12.2050,,0,0,0,private,products;private_lesson_rates;private pricing policy (extension if exact source prices required),schema_partial_pricing_policy_open,"Source price varies by duration and persons, while YETI uses time-of-day hourly rules; 5 persons blocked by server max 4. Business pricing choice required.",pending,
23652,Privatkurs,34,"Ski, 1 T, 420 m, 4 Teiln., max 4",Ski,1,420,4,4,1005.00,,Ski Swiss Snow Kids Village | Ski Blauer Prinz/Prinzessin | Ski Blauer König/Königin | Ski Blauer Star | Ski Roter Prinz/Prinzessin | Ski Roter König/Königin | Ski Roter Star | Ski Schwarzer Prinz/Prinzessin | Ski Schwarzer König/Königin | Ski Swiss Snow Academy | Ski Erwachsene Anfänger | Ski Erwachsene Fortgeschritten,01.01.2000 - 31.12.2050,,0,0,0,private,products;private_lesson_rates;private pricing policy (extension if exact source prices required),schema_partial_pricing_policy_open,"Source price varies by duration and persons, while YETI uses time-of-day hourly rules; 5 persons blocked by server max 4. Business pricing choice required.",pending,
23653,Privatkurs,35,"Ski, 1 T, 420 m, 5 Teiln., max 5",Ski,1,420,5,5,1145.00,,Ski Swiss Snow Kids Village | Ski Blauer Prinz/Prinzessin | Ski Blauer König/Königin | Ski Blauer Star | Ski Roter Prinz/Prinzessin | Ski Roter König/Königin | Ski Roter Star | Ski Schwarzer Prinz/Prinzessin | Ski Schwarzer König/Königin | Ski Swiss Snow Academy | Ski Erwachsene Anfänger | Ski Erwachsene Fortgeschritten,01.01.2000 - 31.12.2050,,0,0,0,private,products;private_lesson_rates;private pricing policy (extension if exact source prices required),schema_partial_pricing_policy_open,"Source price varies by duration and persons, while YETI uses time-of-day hourly rules; 5 persons blocked by server max 4. Business pricing choice required.",pending,
5238,Privatkurs,36,"Snowboard, 1 T, 60 m, 1 Teiln., max 1",Snowboard,1,60,1,1,75.00,,Snowboard Anfänger | Snowboard Fortgeschritten,01.01.2000 - 31.12.2050,,0,0,1,private,products;private_lesson_rates;private pricing policy (extension if exact source prices required),schema_partial_pricing_policy_open,"Source price varies by duration and persons, while YETI uses time-of-day hourly rules; 5 persons blocked by server max 4. Business pricing choice required.",pending,
5239,Privatkurs,37,"Snowboard, 1 T, 60 m, 2 Teiln., max 2",Snowboard,1,60,2,2,95.00,,Snowboard Anfänger | Snowboard Fortgeschritten,01.01.2000 - 31.12.2050,,0,0,1,private,products;private_lesson_rates;private pricing policy (extension if exact source prices required),schema_partial_pricing_policy_open,"Source price varies by duration and persons, while YETI uses time-of-day hourly rules; 5 persons blocked by server max 4. Business pricing choice required.",pending,
5242,Privatkurs,38,"Snowboard, 1 T, 60 m, 3 Teiln., max 3",Snowboard,1,60,3,3,115.00,,Snowboard Anfänger | Snowboard Fortgeschritten,01.01.2000 - 31.12.2050,,0,0,1,private,products;private_lesson_rates;private pricing policy (extension if exact source prices required),schema_partial_pricing_policy_open,"Source price varies by duration and persons, while YETI uses time-of-day hourly rules; 5 persons blocked by server max 4. Business pricing choice required.",pending,
5244,Privatkurs,39,"Snowboard, 1 T, 60 m, 4 Teiln., max 4",Snowboard,1,60,4,4,135.00,,Snowboard Anfänger | Snowboard Fortgeschritten,01.01.2000 - 31.12.2050,,0,0,1,private,products;private_lesson_rates;private pricing policy (extension if exact source prices required),schema_partial_pricing_policy_open,"Source price varies by duration and persons, while YETI uses time-of-day hourly rules; 5 persons blocked by server max 4. Business pricing choice required.",pending,
5246,Privatkurs,40,"Snowboard, 1 T, 60 m, 5 Teiln., max 5",Snowboard,1,60,5,5,155.00,,Snowboard Anfänger | Snowboard Fortgeschritten,01.01.2000 - 31.12.2050,,0,0,1,private,products;private_lesson_rates;private pricing policy (extension if exact source prices required),schema_partial_pricing_policy_open,"Source price varies by duration and persons, while YETI uses time-of-day hourly rules; 5 persons blocked by server max 4. Business pricing choice required.",pending,
23610,Privatkurs,41,"Snowboard, 1 T, 120 m, 1 Teiln., max 1",Snowboard,1,120,1,1,170.00,,Snowboard Anfänger | Snowboard Fortgeschritten,01.01.2000 - 31.12.2050,,0,0,1,private,products;private_lesson_rates;private pricing policy (extension if exact source prices required),schema_partial_pricing_policy_open,"Source price varies by duration and persons, while YETI uses time-of-day hourly rules; 5 persons blocked by server max 4. Business pricing choice required.",pending,
23611,Privatkurs,42,"Snowboard, 1 T, 120 m, 2 Teiln., max 2",Snowboard,1,120,2,2,210.00,,Snowboard Anfänger | Snowboard Fortgeschritten,01.01.2000 - 31.12.2050,,0,0,1,private,products;private_lesson_rates;private pricing policy (extension if exact source prices required),schema_partial_pricing_policy_open,"Source price varies by duration and persons, while YETI uses time-of-day hourly rules; 5 persons blocked by server max 4. Business pricing choice required.",pending,
23612,Privatkurs,43,"Snowboard, 1 T, 120 m, 3 Teiln., max 3",Snowboard,1,120,3,3,250.00,,Snowboard Anfänger | Snowboard Fortgeschritten,01.01.2000 - 31.12.2050,,0,0,1,private,products;private_lesson_rates;private pricing policy (extension if exact source prices required),schema_partial_pricing_policy_open,"Source price varies by duration and persons, while YETI uses time-of-day hourly rules; 5 persons blocked by server max 4. Business pricing choice required.",pending,
23613,Privatkurs,44,"Snowboard, 1 T, 120 m, 4 Teiln., max 4",Snowboard,1,120,4,4,290.00,,Snowboard Anfänger | Snowboard Fortgeschritten,01.01.2000 - 31.12.2050,,0,0,1,private,products;private_lesson_rates;private pricing policy (extension if exact source prices required),schema_partial_pricing_policy_open,"Source price varies by duration and persons, while YETI uses time-of-day hourly rules; 5 persons blocked by server max 4. Business pricing choice required.",pending,
23614,Privatkurs,45,"Snowboard, 1 T, 120 m, 5 Teiln., max 5",Snowboard,1,120,5,5,330.00,,Snowboard Anfänger | Snowboard Fortgeschritten,01.01.2000 - 31.12.2050,,0,0,1,private,products;private_lesson_rates;private pricing policy (extension if exact source prices required),schema_partial_pricing_policy_open,"Source price varies by duration and persons, while YETI uses time-of-day hourly rules; 5 persons blocked by server max 4. Business pricing choice required.",pending,
23599,Privatkurs,46,"Snowboard, 1 T, 180 m, 1 Teiln., max 1",Snowboard,1,180,1,1,265.00,,Snowboard Anfänger | Snowboard Fortgeschritten,01.01.2000 - 31.12.2050,,0,0,1,private,products;private_lesson_rates;private pricing policy (extension if exact source prices required),schema_partial_pricing_policy_open,"Source price varies by duration and persons, while YETI uses time-of-day hourly rules; 5 persons blocked by server max 4. Business pricing choice required.",pending,
23600,Privatkurs,47,"Snowboard, 1 T, 180 m, 2 Teiln., max 2",Snowboard,1,180,2,2,325.00,,Snowboard Anfänger | Snowboard Fortgeschritten,01.01.2000 - 31.12.2050,,0,0,1,private,products;private_lesson_rates;private pricing policy (extension if exact source prices required),schema_partial_pricing_policy_open,"Source price varies by duration and persons, while YETI uses time-of-day hourly rules; 5 persons blocked by server max 4. Business pricing choice required.",pending,
23601,Privatkurs,48,"Snowboard, 1 T, 180 m, 3 Teiln., max 3",Snowboard,1,180,3,3,385.00,,Snowboard Anfänger | Snowboard Fortgeschritten,01.01.2000 - 31.12.2050,,0,0,1,private,products;private_lesson_rates;private pricing policy (extension if exact source prices required),schema_partial_pricing_policy_open,"Source price varies by duration and persons, while YETI uses time-of-day hourly rules; 5 persons blocked by server max 4. Business pricing choice required.",pending,
23602,Privatkurs,49,"Snowboard, 1 T, 180 m, 4 Teiln., max 4",Snowboard,1,180,4,4,445.00,,Snowboard Anfänger | Snowboard Fortgeschritten,01.01.2000 - 31.12.2050,,0,0,1,private,products;private_lesson_rates;private pricing policy (extension if exact source prices required),schema_partial_pricing_policy_open,"Source price varies by duration and persons, while YETI uses time-of-day hourly rules; 5 persons blocked by server max 4. Business pricing choice required.",pending,
23603,Privatkurs,50,"Snowboard, 1 T, 180 m, 5 Teiln., max 5",Snowboard,1,180,5,5,505.00,,Snowboard Anfänger | Snowboard Fortgeschritten,01.01.2000 - 31.12.2050,,0,0,1,private,products;private_lesson_rates;private pricing policy (extension if exact source prices required),schema_partial_pricing_policy_open,"Source price varies by duration and persons, while YETI uses time-of-day hourly rules; 5 persons blocked by server max 4. Business pricing choice required.",pending,
23622,Privatkurs,51,"Snowboard, 1 T, 240 m, 1 Teiln., max 1",Snowboard,1,240,1,1,340.00,,Snowboard Anfänger | Snowboard Fortgeschritten,01.01.2000 - 31.12.2050,,0,0,1,private,products;private_lesson_rates;private pricing policy (extension if exact source prices required),schema_partial_pricing_policy_open,"Source price varies by duration and persons, while YETI uses time-of-day hourly rules; 5 persons blocked by server max 4. Business pricing choice required.",pending,
23618,Privatkurs,52,"Snowboard, 1 T, 240 m, 2 Teiln., max 2",Snowboard,1,240,2,2,420.00,,Snowboard Anfänger | Snowboard Fortgeschritten,01.01.2000 - 31.12.2050,,0,0,1,private,products;private_lesson_rates;private pricing policy (extension if exact source prices required),schema_partial_pricing_policy_open,"Source price varies by duration and persons, while YETI uses time-of-day hourly rules; 5 persons blocked by server max 4. Business pricing choice required.",pending,
23624,Privatkurs,53,"Snowboard, 1 T, 240 m, 3 Teiln., max 3",Snowboard,1,240,3,3,500.00,,Snowboard Anfänger | Snowboard Fortgeschritten,01.01.2000 - 31.12.2050,,0,0,1,private,products;private_lesson_rates;private pricing policy (extension if exact source prices required),schema_partial_pricing_policy_open,"Source price varies by duration and persons, while YETI uses time-of-day hourly rules; 5 persons blocked by server max 4. Business pricing choice required.",pending,
23625,Privatkurs,54,"Snowboard, 1 T, 240 m, 4 Teiln., max 4",Snowboard,1,240,4,4,580.00,,Snowboard Anfänger | Snowboard Fortgeschritten,01.01.2000 - 31.12.2050,,0,0,1,private,products;private_lesson_rates;private pricing policy (extension if exact source prices required),schema_partial_pricing_policy_open,"Source price varies by duration and persons, while YETI uses time-of-day hourly rules; 5 persons blocked by server max 4. Business pricing choice required.",pending,
23626,Privatkurs,55,"Snowboard, 1 T, 240 m, 5 Teiln., max 5",Snowboard,1,240,5,5,660.00,,Snowboard Anfänger | Snowboard Fortgeschritten,01.01.2000 - 31.12.2050,,0,0,1,private,products;private_lesson_rates;private pricing policy (extension if exact source prices required),schema_partial_pricing_policy_open,"Source price varies by duration and persons, while YETI uses time-of-day hourly rules; 5 persons blocked by server max 4. Business pricing choice required.",pending,
23632,Privatkurs,56,"Snowboard, 1 T, 300 m, 1 Teiln., max 1",Snowboard,1,300,1,1,415.00,,Snowboard Anfänger | Snowboard Fortgeschritten,01.01.2000 - 31.12.2050,,0,0,1,private,products;private_lesson_rates;private pricing policy (extension if exact source prices required),schema_partial_pricing_policy_open,"Source price varies by duration and persons, while YETI uses time-of-day hourly rules; 5 persons blocked by server max 4. Business pricing choice required.",pending,
23633,Privatkurs,57,"Snowboard, 1 T, 300 m, 2 Teiln., max 2",Snowboard,1,300,2,2,515.00,,Snowboard Anfänger | Snowboard Fortgeschritten,01.01.2000 - 31.12.2050,,0,0,1,private,products;private_lesson_rates;private pricing policy (extension if exact source prices required),schema_partial_pricing_policy_open,"Source price varies by duration and persons, while YETI uses time-of-day hourly rules; 5 persons blocked by server max 4. Business pricing choice required.",pending,
23634,Privatkurs,58,"Snowboard, 1 T, 300 m, 3 Teiln., max 3",Snowboard,1,300,3,3,615.00,,Snowboard Anfänger | Snowboard Fortgeschritten,01.01.2000 - 31.12.2050,,0,0,1,private,products;private_lesson_rates;private pricing policy (extension if exact source prices required),schema_partial_pricing_policy_open,"Source price varies by duration and persons, while YETI uses time-of-day hourly rules; 5 persons blocked by server max 4. Business pricing choice required.",pending,
23635,Privatkurs,59,"Snowboard, 1 T, 300 m, 4 Teiln., max 4",Snowboard,1,300,4,4,715.00,,Snowboard Anfänger | Snowboard Fortgeschritten,01.01.2000 - 31.12.2050,,0,0,1,private,products;private_lesson_rates;private pricing policy (extension if exact source prices required),schema_partial_pricing_policy_open,"Source price varies by duration and persons, while YETI uses time-of-day hourly rules; 5 persons blocked by server max 4. Business pricing choice required.",pending,
23636,Privatkurs,60,"Snowboard, 1 T, 300 m, 5 Teiln., max 5",Snowboard,1,300,5,5,815.00,,Snowboard Anfänger | Snowboard Fortgeschritten,01.01.2000 - 31.12.2050,,0,0,1,private,products;private_lesson_rates;private pricing policy (extension if exact source prices required),schema_partial_pricing_policy_open,"Source price varies by duration and persons, while YETI uses time-of-day hourly rules; 5 persons blocked by server max 4. Business pricing choice required.",pending,
23642,Privatkurs,61,"Snowboard, 1 T, 360 m, 1 Teiln., max 1",Snowboard,1,360,1,1,500.00,,Snowboard Anfänger | Snowboard Fortgeschritten,01.01.2000 - 31.12.2050,,0,0,1,private,products;private_lesson_rates;private pricing policy (extension if exact source prices required),schema_partial_pricing_policy_open,"Source price varies by duration and persons, while YETI uses time-of-day hourly rules; 5 persons blocked by server max 4. Business pricing choice required.",pending,
23643,Privatkurs,62,"Snowboard, 1 T, 360 m, 2 Teiln., max 2",Snowboard,1,360,2,2,620.00,,Snowboard Anfänger | Snowboard Fortgeschritten,01.01.2000 - 31.12.2050,,0,0,1,private,products;private_lesson_rates;private pricing policy (extension if exact source prices required),schema_partial_pricing_policy_open,"Source price varies by duration and persons, while YETI uses time-of-day hourly rules; 5 persons blocked by server max 4. Business pricing choice required.",pending,
23644,Privatkurs,63,"Snowboard, 1 T, 360 m, 3 Teiln., max 3",Snowboard,1,360,3,3,740.00,,Snowboard Anfänger | Snowboard Fortgeschritten,01.01.2000 - 31.12.2050,,0,0,1,private,products;private_lesson_rates;private pricing policy (extension if exact source prices required),schema_partial_pricing_policy_open,"Source price varies by duration and persons, while YETI uses time-of-day hourly rules; 5 persons blocked by server max 4. Business pricing choice required.",pending,
23645,Privatkurs,64,"Snowboard, 1 T, 360 m, 4 Teiln., max 4",Snowboard,1,360,4,4,860.00,,Snowboard Anfänger | Snowboard Fortgeschritten,01.01.2000 - 31.12.2050,,0,0,1,private,products;private_lesson_rates;private pricing policy (extension if exact source prices required),schema_partial_pricing_policy_open,"Source price varies by duration and persons, while YETI uses time-of-day hourly rules; 5 persons blocked by server max 4. Business pricing choice required.",pending,
23646,Privatkurs,65,"Snowboard, 1 T, 360 m, 5 Teiln., max 5",Snowboard,1,360,5,5,980.00,,Snowboard Anfänger | Snowboard Fortgeschritten,01.01.2000 - 31.12.2050,,0,0,1,private,products;private_lesson_rates;private pricing policy (extension if exact source prices required),schema_partial_pricing_policy_open,"Source price varies by duration and persons, while YETI uses time-of-day hourly rules; 5 persons blocked by server max 4. Business pricing choice required.",pending,
23654,Privatkurs,66,"Snowboard, 1 T, 420 m, 1 Teiln., max 1",Snowboard,1,420,1,1,585.00,,Snowboard Anfänger | Snowboard Fortgeschritten,01.01.2000 - 31.12.2050,,0,0,0,private,products;private_lesson_rates;private pricing policy (extension if exact source prices required),schema_partial_pricing_policy_open,"Source price varies by duration and persons, while YETI uses time-of-day hourly rules; 5 persons blocked by server max 4. Business pricing choice required.",pending,
23655,Privatkurs,67,"Snowboard, 1 T, 420 m, 2 Teiln., max 2",Snowboard,1,420,2,2,725.00,,Snowboard Anfänger | Snowboard Fortgeschritten,01.01.2000 - 31.12.2050,,0,0,0,private,products;private_lesson_rates;private pricing policy (extension if exact source prices required),schema_partial_pricing_policy_open,"Source price varies by duration and persons, while YETI uses time-of-day hourly rules; 5 persons blocked by server max 4. Business pricing choice required.",pending,
23656,Privatkurs,68,"Snowboard, 1 T, 420 m, 3 Teiln., max 3",Snowboard,1,420,3,3,865.00,,Snowboard Anfänger | Snowboard Fortgeschritten,01.01.2000 - 31.12.2050,,0,0,0,private,products;private_lesson_rates;private pricing policy (extension if exact source prices required),schema_partial_pricing_policy_open,"Source price varies by duration and persons, while YETI uses time-of-day hourly rules; 5 persons blocked by server max 4. Business pricing choice required.",pending,
23657,Privatkurs,69,"Snowboard, 1 T, 420 m, 4 Teiln., max 4",Snowboard,1,420,4,4,1005.00,,Snowboard Anfänger | Snowboard Fortgeschritten,01.01.2000 - 31.12.2050,,0,0,0,private,products;private_lesson_rates;private pricing policy (extension if exact source prices required),schema_partial_pricing_policy_open,"Source price varies by duration and persons, while YETI uses time-of-day hourly rules; 5 persons blocked by server max 4. Business pricing choice required.",pending,
23658,Privatkurs,70,"Snowboard, 1 T, 420 m, 5 Teiln., max 5",Snowboard,1,420,5,5,1145.00,,Snowboard Anfänger | Snowboard Fortgeschritten,01.01.2000 - 31.12.2050,,0,0,0,private,products;private_lesson_rates;private pricing policy (extension if exact source prices required),schema_partial_pricing_policy_open,"Source price varies by duration and persons, while YETI uses time-of-day hourly rules; 5 persons blocked by server max 4. Business pricing choice required.",pending,
